Comment,Description,Designator,Footprint,LibRef,Quantity,Farnell PN,Digikey

"100nF","Capacitor non-polar SMT 0603","C1, C4, C6, C8, C9, C10, C11, C12, C14, C15, C16","CCNP1608-0603","Cap_CCNP_0603_100nF","11","",""
"10uF 10V","Capacitor non-polar SMT 0603","C2","CCNP1608-0603","Cap_CCNP_0603","1","",""
"4.7uF 16V","Capacitor SMT 0603","C3, C5, C7, C13","CCNP1608-0603","Cap_CCNP_0603","4","",""
"LED Green","LED 0603 Green","D1","LED1608-0603-GREEN","LED-0603-Green","1","1581242",""
"LED Red","LED 0603 Red","D2","LED1608-0603-RED","LED-0603-Red","1","1581239",""
"USB4085-GF-A","USB-C, USB 2.0 Receptacle Connector 16 Position Through Hole, Right Angle","J1","USB4085-GF-A","","1","2924867","2073-USB4085-GF-ACT-ND"
"Header 1x3 2mm","Header, 1x3, 2mm","JP1","Header 1x3 (2mm)","Header 1x3 2mm","1","",""
"BDM Connector","HCS BDM connector (2x3 0.1"")","P1","BDM","BDM2X3","1","",""
"SWD-2x10 (reduced pins)","SWD Connector 2x10-Pin (reduced pins)","P2","SWD-2x10 - reduced","SWD2X10-Reduced","1","1865289",""
"1K","Resistor SMT 0603","R1, R5, R20, R21","CR1608-0603","Res","4","2331727, 2502447",""
"33R0","Resistor SMT 0603","R2, R3","CR1608-0603","Res","2","1632431",""
"10K","Resistor SMT 0603","R4, R11, R12, R17, R22, R23","CR1608-0603","Res","6","1799366",""
"100K","Resistor SMT 0603","R6, R9, R10, R15, R18","CR1608-0603","Res, Res_CR0603","5","9238727",""
"47R","Resistor SMT 0603","R7, R8, R14, R16, R19","CR1608-0603","Res","5","1646283",""
"0R","Resistor SMT 0603","R13","CR1608-0603","Res_CR0603","1","2668260",""
"5.1K","Resistor SMT 0603","R24, R25","CR1608-0603","Res_CR0603","2","",""
"SMD-SW-4_5.1x5.1x2.0_M","Tactile Switch SPST 5.10mm X 5.10mm
(1.5mm=C318884)
(2.0mm=C318888)
(3.5mm=C318886)","S1","SMD-SW-4_5.1x5.1x2.0_M","SW_PB-TS","1","",""
"MIC2005A-1YM5-TR","Power Switch 0.5A, active-high enable","U1","SOT23-5-Power","MIC2005A-1YM5-TR","1","",""
"SN74LVC1T45DCKT","Dual voltage bidirection buffer","U2, U7","SC70_N","SN74LVC1T45DCKT","2","9592733",""
"XC6206P332MR","3V3 200mA, LDO regulator (Low ESR ceramic caps)","U3","SOT23_N","XC6206P332MR","1","8796980",""
"SN74LVC2T45DCTR","Dual voltage bidirection buffer","U4, U6","SSOP8_N","SN74LVC2T45DCTR","2","2008640",""
"MK22FN512VLH12","Arm Cortex M4F","U5","TSQFP50P1200X1200-64N","MK22FN1M0VLH12","1","2434224",""
"SMF05CT1G","TVS DIODE ARRAY, 100W, 5V, SC-70","Z1","SC70_N","SMF05CT1G","1","2533147","SMF05CT1GOSCT-ND"
