Altium Designer Pick and Place Locations
Z:\Documents\Development\usbdm-kinetis\Hardware\USBDM_Kinetis_MK22F\Project Outputs for USBDM_Kinetis_MK22F 11-Jan-22 10-14-34 PM\Pick Place for USBDM_Kinetis.csv

========================================================================================================================
File Design Information:

Date:       11-01-22
Time:       22:14
Revision:   b9025983c79faf49f95a11ee5d98118a03582f8f
Variant:    No variations
Units used: mil

"Designator","Comment","Layer","Footprint","Center-X(mil)","Center-Y(mil)","Rotation","Description"
"Logo1","OSHW Logo","BottomLayer","OSHW","-2455.000","-1159.970","180",""
"Gnd1","TP","TopLayer","PCBPIN_-_0.9MM","-1062.638","-326.970","0","Test Point"
"P3","SWD Connector 2x5-Pin","TopLayer","SWD-2X5-JIG-PADS","-1445.000","-325.000","180","SWD Connector 2x5-Pin"
"C14","100nF","TopLayer","CCNP1608-0603","-1203.953","-316.781","90","Capacitor non-polar SMT 0603"
"R8","47R","TopLayer","CR1608-0603","-580.638","-309.340","0","Resistor SMT 0603"
"C5","4.7uF 16V","TopLayer","CCNP1608-0603","-1665.638","-302.128","90","Capacitor SMT 0603"
"D2","LED Red","TopLayer","LED1608-0603-RED","-159.008","-296.340","180","LED 0603 Red"
"U3","XC6206P332MR","TopLayer","SOT23_N","-1785.000","-295.000","90","3V3 200mA, LDO regulator (Low ESR ceramic caps)"
"U4","SN74LVC2T45DCTR","TopLayer","SSOP8_N","-765.638","-292.340","0","Dual voltage bidirection buffer"
"U1","MIC2005A-1YM5-TR","TopLayer","SOT23-5-Power","-2000.000","-289.970","90","Power Switch 0.5A, active-high enable"
"C4","100nF","TopLayer","CCNP1608-0603","-1905.000","-279.970","90","Capacitor non-polar SMT 0603"
"C12","100nF","TopLayer","CCNP1608-0603","-446.268","-266.340","90","Capacitor non-polar SMT 0603"
"R12","10K","TopLayer","CR1608-0603","-386.268","-266.340","90","Resistor SMT 0603"
"R11","10K","TopLayer","CR1608-0603","-326.268","-266.340","90","Resistor SMT 0603"
"C13","4.7uF 16V","TopLayer","CCNP1608-0603","-266.268","-266.340","90","Capacitor SMT 0603"
"R9","100K","TopLayer","CR1608-0603","-580.638","-241.970","0","Resistor SMT 0603"
"R21","1K","TopLayer","CR1608-0603","-159.008","-236.340","0","Resistor SMT 0603"
"C6","100nF","TopLayer","CCNP1608-0603","-795.638","-197.340","0","Capacitor non-polar SMT 0603"
"TPa","TP","TopLayer","PCBPIN_-_0.9MM","-1062.638","-180.000","0","Test Point"
"JP1","Header 1x3 2mm","TopLayer","HEADER_1X3_(2MM)","-1735.000","-155.000","270","Header, 1x3, 2mm"
"R7","47R","TopLayer","CR1608-0603","-580.638","-125.970","0","Resistor SMT 0603"
"U2","SN74LVC1T45DCKT","TopLayer","SC70_N","-760.827","-95.970","0","Dual voltage bidirection buffer"
"Z1","SMF05CT1G","TopLayer","SC70_N","-142.008","-81.970","0","TVS DIODE ARRAY, 100W, 5V, SC-70"
"R6","100K","TopLayer","CR1608-0603","-580.638","-58.340","0","Resistor SMT 0603"
"C3","4.7uF 16V","TopLayer","CCNP1608-0603","-1816.000","-45.000","90","Capacitor SMT 0603"
"C10","100nF","TopLayer","CCNP1608-0603","-1661.000","-45.000","90","Capacitor non-polar SMT 0603"
"R10","100K","TopLayer","CR1608-0603","-1716.000","-45.000","90","Resistor SMT 0603"
"R13","0R","TopLayer","CR1608-0603","-1766.000","-45.000","90","Resistor SMT 0603"
"P1","BDM Connector","TopLayer","BDM","-325.000","-44.970","270","HCS BDM connector (2x3 0.1")"
"C1","100nF","TopLayer","CCNP1608-0603","-710.827","-16.970","0","Capacitor non-polar SMT 0603"
"J1","USB4085-GF-A","TopLayer","","-2021.365","0.000","0","USB-C, USB 2.0 Receptacle Connector 16 Position Through Hole, Right Angle"
"P2","SWD-2x10 (reduced pins)","TopLayer","SWD-2X10_-_REDUCED","0.000","0.000","90","SWD Connector 2x10-Pin (reduced pins)"
"R22","10K","TopLayer","CR1608-0603","-931.000","0.030","0","Resistor SMT 0603"
"U5","MK22FN512VLH12","TopLayer","TSQFP50P1200X1200-64N","-1350.000","20.000","0","Arm Cortex M4F"
"R19","47R","TopLayer","CR1608-0603","-580.638","45.030","0","Resistor SMT 0603"
"R20","1K","TopLayer","CR1608-0603","-931.000","68.030","0","Resistor SMT 0603"
"U7","SN74LVC1T45DCKT","TopLayer","SC70_N","-760.638","75.377","0","Dual voltage bidirection buffer"
"R18","100K","TopLayer","CR1608-0603","-580.638","111.660","0","Resistor SMT 0603"
"C9","100nF","TopLayer","CCNP1608-0603","-1735.000","125.000","0","Capacitor non-polar SMT 0603"
"R4","10K","TopLayer","CR1608-0603","-957.449","160.030","0","Resistor SMT 0603"
"C15","100nF","TopLayer","CCNP1608-0603","-760.638","160.660","0","Capacitor non-polar SMT 0603"
"R2","33R0","TopLayer","CR1608-0603","-1735.000","175.000","0","Resistor SMT 0603"
"R16","47R","TopLayer","CR1608-0603","-552.638","199.660","0","Resistor SMT 0603"
"R3","33R0","TopLayer","CR1608-0603","-1735.000","225.000","0","Resistor SMT 0603"
"R17","10K","TopLayer","CR1608-0603","-957.449","232.030","0","Resistor SMT 0603"
"C16","100nF","TopLayer","CCNP1608-0603","-1087.638","232.030","0","Capacitor non-polar SMT 0603"
"R25","5.1K","TopLayer","CR1608-0603","-2021.337","237.550","0","Resistor SMT 0603"
"R14","47R","TopLayer","CR1608-0603","-552.638","263.030","0","Resistor SMT 0603"
"U6","SN74LVC2T45DCTR","TopLayer","SSOP8_N","-758.638","269.030","0","Dual voltage bidirection buffer"
"S1","SMD-SW-4_5.1x5.1x2.0_M","TopLayer","SMD-SW-4_5.1x5.1x2.0_M","-263.008","279.030","0","Tactile Switch SPST 5.10mm X 5.10mm
(1.5mm=C318884)
(2.0mm=C318888)
(3.5mm=C318886)"
"C7","4.7uF 16V","TopLayer","CCNP1608-0603","-1653.000","289.030","0","Capacitor SMT 0603"
"R24","5.1K","TopLayer","CR1608-0603","-2021.337","290.716","180","Resistor SMT 0603"
"R15","100K","TopLayer","CR1608-0603","-552.638","326.030","0","Resistor SMT 0603"
"C2","10uF 10V","TopLayer","CCNP1608-0603","-1837.362","338.030","0","Capacitor non-polar SMT 0603"
"C8","100nF","TopLayer","CCNP1608-0603","-1653.000","340.030","0","Capacitor non-polar SMT 0603"
"R1","1K","TopLayer","CR1608-0603","-1083.008","356.030","0","Resistor SMT 0603"
"D1","LED Green","TopLayer","LED1608-0603-GREEN","-1366.008","357.030","180","LED 0603 Green"
"R5","1K","TopLayer","CR1608-0603","-1490.449","357.030","0","Resistor SMT 0603"
"R23","10K","TopLayer","CR1608-0603","-1219.008","357.030","0","Resistor SMT 0603"
"C11","100nF","TopLayer","CCNP1608-0603","-725.638","358.030","0","Capacitor non-polar SMT 0603"
